# format,xb7_point_v1
# robot,XB7s-R707-3J
# controller,3.2.2
# sdk,0.7.1.ar_6
# tool,g_tool_1
# workobject,g_wobj_0
# linear_unit,m
# angular_unit,rad
# derived_path,p6_y_aligned_from_insertion_through_final_press
# common_world_y_mm,1.434873191
# final_world_x_mm,491.648
# j6_deg,edge=-0.7030;clearance=-0.7030;final=-0.6547
name,ref_x,ref_y,ref_z,ref_rx,ref_ry,ref_rz,flange_base_x,flange_base_y,flange_base_z,flange_base_rx,flange_base_ry,flange_base_rz,j1,j2,j3,j4,j5,j6
P_SAFE,0.4541723784928961,0.0010810232708940539,0.0056547217228648389,-3.141567612049843,-0.24363182537399503,-3.1396458588939478,0.47395300473822033,0.0011218659979732653,0.085232897632247256,-3.1415673754604452,-0.2436317007615581,-3.139646247761573,0.0023536425900544736,1.2928909317608954,-0.03647406247614967,0.00013805827090970771,0.55801127767694847,0.0002777167883214846
P_PRE,0.46327286137329865,0.0010991902313831814,0.0011651120066435705,-3.1415778136366459,-0.24366468391751314,-3.1396414863385433,0.48305651710345227,0.0011392943931783255,0.080743160851744294,-3.1415775831591604,-0.24366421667859528,-3.1396418508727844,0.0023441735728453031,1.3163363472806897,-0.082814840884255142,0.0001457281748491359,0.58093949676587664,0.00025957596160200262
P_EDGE_NEAR,0.4802647912382918,0.001635108127146141,-0.0016912486649789671,-3.1415759254432793,-0.24371336959092388,-3.1396163831485326,0.50005191790768522,0.0016758804356865155,0.077885678056888688,-3.1415756915616733,-0.24371348676579493,-3.139616759935131,0.0033005443109715357,1.3470216585116248,-0.16179354617164501,0.00051452272260330879,0.62928146318910394,0.0008691735351211426
P_VERY_NEAR,0.48428689130330482,0.0016297071940050362,-0.0021721526282431625,-3.1415893571171076,-0.24373418512179579,-3.1396057071363517,0.50407597865477849,0.0016695960183823427,0.077404304684515729,-3.1415893578943694,-0.24373359330870104,-3.1396051151352014,0.003261484614983707,1.3541533402315411,-0.18072625426780611,0.00050877029464873767,0.64110330184699305,0.00082912037560902319
P_EDGE_IN_Y_P6,0.49097541645360565,0.0014348731912632432,-0.0026823462956171162,3.1415639661582908,-0.24355439331529288,-3.1186533464616946,0.5107448658731748,0.0018860972367999785,0.07689758375278026,3.1415639661582908,-0.24355439331529297,-3.1186533464616946,0.0044141025628444148,1.3655054574646852,-0.21197871172623506,-0.0072318500234193504,0.66079700325806234,-0.012268979488499927
P_CLEARANCE_P3_Y_P6,0.49097541645361181,0.001434873191263284,-0.0072809777940874149,3.1408390454319206,-0.025997172667723337,-3.1278915820476092,0.49310759046992314,0.0014022864244012912,0.07469129051701151,3.1408390454319206,-0.025997172667723337,-3.1278915820476092,0.0027647757250485842,1.3165028299376913,-0.057413975178227807,0.0014163818270654382,0.33771164306090989,-0.012268979488499927
P_PRESS_X491648_Y_P6_FINAL,0.49164799999998471,0.0014348731912632361,-0.0095555269096145312,3.1411314728780106,-0.010839074256594999,-3.1284329189457942,0.49253720727761546,0.00140875550682978,0.072439647511103433,3.1411314728780106,-0.010839074256595003,-3.1284329189457942,0.0028014011387024859,1.3204009216250012,-0.054309927479908288,0.0011242105802066122,0.31554878859290436,-0.011426429731452843
